pd_upper,applicants,defaulters,credit_sum,credit_sum_defaulted,pd_mean
0.005394411215792265,308,1,211077337.5,983299.5,0.0043562992167967265
0.006642919606680447,308,0,204371275.5,0.0,0.006061210788173662
0.00756537813658365,307,1,194192973.0,225000.0,0.007124143258938483
0.008345783161281574,308,0,181273675.5,0.0,0.007961288731184738
0.008961320959028117,307,4,206648829.0,1039725.0,0.00865592152897226
0.009520499573721355,308,2,204071274.0,332505.0,0.00923941912963735
0.010044550726154193,307,4,198171324.0,3177909.0,0.009797243592334815
0.010529170015990314,308,3,206528764.5,2325415.5,0.010286736133686348
0.011035297773193745,307,5,194776731.0,2081043.0,0.010773761038055567
0.01153336688189235,308,7,206434953.0,4388818.5,0.011296897598145684
0.011991945721176773,307,2,201126523.5,1078177.5,0.011761770655724793
0.01242981362755554,308,1,187414236.0,180000.0,0.012214444656186648
0.01289236187913005,307,2,190940971.5,1656999.0,0.01265997663862343
0.013322539158172064,308,4,202083264.0,2623005.0,0.013113393301271682
0.013756128078554752,307,2,204993184.5,940095.0,0.013551897848764639
0.014166061789513726,308,3,193639617.0,1943190.0,0.013955661564366676
0.014571956461008343,307,6,206730801.0,3568009.5,0.014369604281810923
0.014998654362707066,308,5,208781073.0,4810837.5,0.014786562699616706
0.015394451765682665,307,7,190135039.5,6504228.0,0.015195180741696108
0.015796447637885038,308,8,204995839.5,4118445.0,0.015595680670319384
0.01615640602426175,307,5,188645211.0,5211855.0,0.015983943686352198
0.01649748124238306,308,2,191720655.0,668002.5,0.016326818490651058
0.01683702967681969,307,5,192490132.5,3751587.0,0.016670847012856732
0.017185088577634153,308,6,192139776.0,5303263.5,0.017008783559215684
0.017518744767221997,307,5,195139332.0,3482172.0,0.01735016754158905
0.017896020753344333,308,7,183045991.5,3410289.0,0.017699348838464246
0.01826984337316073,307,2,200269125.0,791280.0,0.018089312083952733
0.018657599660537545,308,3,214205724.0,1203570.0,0.018470088810506095
0.01898398660784688,307,7,184241875.5,3283717.5,0.01881707665220547
0.01934549403765628,308,11,179238879.0,6145344.0,0.019162719407934296
0.019695829604404684,307,4,194059161.0,2702209.5,0.019521658238876603
0.02009094992991224,308,5,191893666.5,5431797.0,0.019910567474496835
0.020472897579308837,307,4,200693479.5,3816810.0,0.020290101171418825
0.020805813239914445,308,4,204633571.5,1837224.0,0.020638202825488616
0.021154227695274835,307,8,191492221.5,5100399.0,0.020963942080043478
0.021492308504507444,308,6,194107639.5,5730345.0,0.02131627554710902
0.021831707383749663,307,7,189691546.5,5829952.5,0.021662204110273014
0.0221629610601048,308,6,209795566.5,4793845.5,0.021995006550416276
0.02251945808267567,307,8,205535484.0,3786178.5,0.0223399992552302
0.0228387935427708,308,3,190963431.0,1093896.0,0.02267995197668138
0.02319913788617851,307,7,194010381.0,6080571.0,0.02301052378672262
0.023576080527401098,308,8,196348747.5,6767635.5,0.023388067484483386
0.023940088486980655,307,7,202154107.5,4965223.5,0.023757423453738113
0.024319795364386526,308,7,189660892.5,5090328.0,0.024134739295483394
0.024675466119496343,307,5,210271171.5,3365514.0,0.024496098195046636
0.025065120880824774,308,7,182135043.0,3152862.0,0.024865345023087956
0.02543292122738407,307,9,201600198.0,5945395.5,0.025249280962556374
0.025826233462746425,308,5,203754829.5,2015266.5,0.02563883766845409
0.026173071172920434,307,6,207680994.0,4238271.0,0.02600332615541247
0.026550191132282703,308,10,199908531.0,6400156.5,0.026355278351906698
0.02693863635586495,307,5,203145016.5,2542644.0,0.026737676653571005
0.027308179200681227,308,8,200528068.5,4714776.0,0.027114036544184605
0.027650962703161856,307,12,208419633.0,9043479.0,0.02747069509039275
0.028027654316698337,308,3,198612009.0,2328840.0,0.027851543054968505
0.02845126477190761,307,5,207369090.0,4402071.0,0.02824409457214455
0.028839928468349284,308,5,197929521.0,3630564.0,0.02865205438400333
0.029245722498874818,307,11,202054374.0,6875068.5,0.029041757718887857
0.029627930814141196,308,7,199555254.0,5025123.0,0.029433177949808022
0.03003369685027642,307,10,196007593.5,6777153.0,0.02982562211352557
0.030423893983400944,308,10,202371790.5,7086474.0,0.03022643888662121
0.03084078210561862,307,7,178845016.5,4399312.5,0.030636899913698497
0.031301219663564556,308,10,200285424.0,6820452.0,0.031076019896196592
0.031744788065846526,307,10,183751398.0,5463328.5,0.03152043368588408
0.03214447008410068,308,9,212561892.0,4271400.0,0.03194062795626596
0.032523057503173455,307,3,197806347.0,2217240.0,0.032335889966103364
0.03293570933794667,308,11,193162684.5,7076538.0,0.03272670098748161
0.03334440368125064,307,7,196622977.5,4378558.5,0.03313267646007287
0.03379541461174921,308,10,202534623.0,6267001.5,0.03356897885503478
0.03426666815772021,307,11,194196046.5,7266685.5,0.034032808378178
0.03468105312825318,308,4,196938220.5,3139515.0,0.03446951783474478
0.035092484190779816,307,13,210962020.5,8955121.5,0.03488652338594789
0.03551505940133337,308,14,193528458.0,7095109.5,0.035303881665165814
0.035996900327853805,307,6,186637131.0,2250027.0,0.03576302523797268
0.036430898361188256,308,10,200894908.5,8057358.0,0.036228221141136135
0.03690170683695598,307,10,197236444.5,6492586.5,0.03666759740376777
0.03738925898851966,308,11,196740679.5,6147585.0,0.037133259727402605
0.03785837622259699,307,16,197928297.0,11438086.5,0.037627766472510246
0.038361845532564456,308,9,198833472.0,8148073.5,0.03810382846069686
0.03878238888787723,307,12,194775624.0,9420192.0,0.0385857549280544
0.039283054136614294,308,16,188780656.5,7450020.0,0.03902570220970509
0.03980076465367879,307,10,193665384.0,6956919.0,0.039548019835673486
0.040278095706536496,308,19,200525512.5,15762874.5,0.040050489942276196
0.04076288481281457,307,14,183747316.5,8659503.0,0.0405182774140569
0.041295632782820224,308,9,192078675.0,4407336.0,0.041017361698465274
0.041817223143531396,307,12,192994996.5,7777327.5,0.041554543303059195
0.042363210849309586,308,12,184488723.0,10341274.5,0.042088937498920474
0.04291642429068218,307,16,186260400.0,9106641.0,0.04264632736542949
0.04343434018718061,308,13,196723206.0,7648555.5,0.04317680266602022
0.04395558107833697,307,20,183201808.5,10992906.0,0.04370311067743225
0.044487950819707474,308,11,193634554.5,8096778.0,0.04421181415317992
0.0450558141638127,307,14,193652113.5,9032836.5,0.04475483280360803
0.0456397521371873,308,13,180096853.5,9099756.0,0.045356723545333766
0.046190545005307226,307,12,175591593.0,5562693.0,0.04593253569906552
0.04673992204200152,308,18,192374977.5,10463715.0,0.046474135559360974
0.04734885325292405,307,14,191321379.0,8901355.5,0.047052882588253735
0.04796186771842466,308,10,191092446.0,5550475.5,0.04765169153018399
0.04857596369579873,307,9,195186874.5,6037614.0,0.04827552906198713
0.0492163935344479,308,19,182725060.5,12933495.0,0.0488750987539721
0.04983663063112076,307,17,170696178.0,10296108.0,0.04954095341364802
0.050472831860227454,308,17,178904979.0,10872036.0,0.050165186217655484
0.05112157507924411,308,14,187702618.5,11339136.0,0.05080153255185009
0.05174466650014246,307,16,176249731.5,11054695.5,0.05142550780460374
0.05242897346235571,308,15,185946741.0,9200781.0,0.052074477895346145
0.05309820017253511,307,19,181584801.0,12794598.0,0.05276120155679644
0.053708629935811374,308,22,194299002.0,14858658.0,0.053402329418653936
0.054352057402781255,307,21,188517856.5,15067008.0,0.05402371085663826
0.05502440984784691,308,16,194244507.0,10279125.0,0.05467285472955809
0.05571050253495263,307,17,185755153.5,10927980.0,0.05537434935593302
0.05642138839355709,308,14,196791813.0,11580259.5,0.05604186121580677
0.0571575531452013,307,22,181941502.5,13415962.5,0.056786843614567525
0.05793358132521795,308,14,191268058.5,9872572.5,0.05753388580684375
0.05869472371637216,307,16,183747096.0,10410376.5,0.05829966686819956
0.05944500380288176,308,24,182242498.5,12349957.5,0.05908002676955429
0.060234643200644054,307,14,180220477.5,8751744.0,0.05984640097046605
0.06101100290368334,308,18,182279925.0,10527399.0,0.0606158160014403
0.06174416520083947,307,19,191207362.5,10861272.0,0.061385766938216714
0.06256792412182709,308,22,175718277.0,12965512.5,0.062158950827240086
0.06342531479571133,307,20,187618819.5,12735436.5,0.06298598682588383
0.0642421082785599,308,20,183706942.5,11374888.5,0.06381237359334592
0.06512157718351604,307,22,188360230.5,15409386.0,0.06467408096579519
0.06591518281241898,308,23,182846227.5,15761236.5,0.06551591415714322
0.0668275888980787,307,29,190871545.5,16756821.0,0.06638987740330866
0.06771812902687664,308,20,177452082.0,13195620.0,0.06727190299743752
0.0686207746724896,307,22,185479317.0,13215366.0,0.06814658744730671
0.06956719662730924,308,23,187534683.0,12887154.0,0.0691039444006175
0.07052105031459921,307,24,180580396.5,12762162.0,0.07005285582270637
0.07157083044173751,308,21,185839254.0,10528479.0,0.07104167281796883
0.07244222296209178,307,16,179742145.5,9705730.5,0.07202609360236834
0.07355678814716685,308,16,181123474.5,10186528.5,0.07303691402299688
0.07450168532597241,307,20,192078333.0,11895237.0,0.07403715203439475
0.07558508438926306,308,20,175832379.0,9955089.0,0.07505708526236406
0.07660597276294354,307,25,168344770.5,18940284.0,0.07605312154994007
0.07766065369816043,308,27,181023493.5,16615669.5,0.07714754474298649
0.07875183129873184,307,22,171452434.5,11931025.5,0.07821084001839075
0.07992473436719326,308,23,180769473.0,16644672.0,0.07933084666491935
0.08113104447226412,307,25,182989125.0,17118139.5,0.08051298608070673
0.08232003099138151,308,24,184997385.0,16701408.0,0.08171962038242518
0.08364982092821031,307,27,170840317.5,16220889.0,0.0829960062584619
0.08494516552443261,308,30,185572188.0,18759726.0,0.0843033741693755
0.08624093916689178,307,25,182520747.0,17600526.0,0.0856107106807116
0.08762971188455859,308,33,167365480.5,18172233.0,0.08692691128746166
0.0889346436841483,307,27,180686808.0,14165766.0,0.08825604828018811
0.09029511733007545,308,25,186007500.0,13499617.5,0.089589994401754
0.09176475075908944,307,28,178316649.0,17396775.0,0.09099406324191228
0.09316971820105484,308,35,172730200.5,22859649.0,0.09247240137421527
0.09471500037905177,307,32,175776363.0,17995657.5,0.09397813153646958
0.09619825765376773,308,32,170274330.0,17135104.5,0.09549041902864566
0.09792440325059003,307,31,171270463.5,18803974.5,0.09704821558083195
0.09957788070767933,308,29,167915713.5,16047427.5,0.0987318349259038
0.1012906002678577,307,29,177971701.5,17042170.5,0.10044977207454549
0.10305053075733385,308,22,169872381.0,11741733.0,0.10213530895415956
0.10472068170173605,307,31,170000104.5,16205755.5,0.10389119504959989
0.10646796936788817,308,48,180283095.0,32704344.0,0.10558859446254026
0.10824331504427093,307,44,163623618.0,23408698.5,0.10732503553151264
0.10997520299734266,308,35,175349803.5,16614792.0,0.10909459503690483
0.1120834210622685,307,44,172570860.0,20774583.0,0.11102326420366856
0.11399875634436718,308,40,175788445.5,20572996.5,0.11304633132337462
0.11622936801741438,307,37,169254274.5,22153806.0,0.11511446084779352
0.11837492134763318,308,35,166987746.0,16864402.5,0.11729524940140378
0.12055988301860915,307,50,166463671.5,28252903.5,0.11946493432575818
0.12286576022480149,308,36,167858968.5,22532112.0,0.12173985003217438
0.12525768483988323,307,35,180572962.5,18525874.5,0.12402504237750663
0.12765157716883607,308,45,170319600.0,26268885.0,0.1265092746040456
0.1302052795637016,307,46,168802438.5,27848227.5,0.12890954003996705
0.13290681380910957,308,37,170979331.5,19735609.5,0.1315830735429683
0.13536536454622602,307,41,180720765.0,21360010.5,0.13411113684583387
0.13827749282104906,308,43,166479205.5,18803043.0,0.13677355664029162
0.14121804386498946,307,31,169237363.5,17583430.5,0.13976678745200172
0.14419411075100086,308,48,173022151.5,24075927.0,0.14269933829752532
0.14715816017609992,307,62,165776499.0,30909901.5,0.14564237447853207
0.1504342502437366,308,42,164286391.5,25448427.0,0.14881181871306942
0.15390254524372435,307,40,161964832.5,23058193.5,0.1521977641039158
0.15728000011317306,308,50,167103441.0,25601292.0,0.15557215466294472
0.16132928042745334,307,55,167149939.5,26714097.0,0.15935850584626426
0.164804239429049,308,60,161374945.5,33887929.5,0.1630392947244366
0.16901749276780476,307,48,149602122.0,19293673.5,0.16691352299156317
0.17326886897869745,308,52,171482022.0,28739623.5,0.17116977780553913
0.17777831255460616,307,41,158358190.5,18667647.0,0.1755419081194007
0.18241135307617282,308,54,158780025.0,26644356.0,0.18012164380209145
0.187126066238773,307,59,164925301.5,34956643.5,0.18477711692159954
0.1923540385297976,308,66,163450755.0,34495632.0,0.18962432511086239
0.1980890915912933,307,63,162833481.0,36653337.0,0.19531706684498537
0.20467336888986065,308,71,160395907.5,36846364.5,0.20132697957628848
0.21060453035311183,307,60,151947441.0,30639681.0,0.2077271676381875
0.2173056322771051,308,55,165498462.0,33054579.0,0.21360985681917444
0.22425985797224768,307,62,157941747.0,30979300.5,0.2208080581664731
0.23192999705176184,308,73,154025707.5,34178994.0,0.2281359630615784
0.24040371796072976,307,66,160304922.0,35558262.0,0.23621187841595695
0.2499393408951476,308,79,147091275.0,37286680.5,0.24497686221952308
0.25984979313238643,307,77,154726173.0,39543948.0,0.25465992618231303
0.27041381616368937,308,75,150045210.0,36378445.5,0.26523734310936525
0.28238867778730137,307,78,160554501.0,42611575.5,0.2763246963114281
0.29743927760511446,308,89,148926820.5,44233969.5,0.2898915877728623
0.31460533088997245,307,87,156397383.0,43768656.0,0.30613922265714816
0.333929448864895,308,97,147297060.0,47430810.0,0.32382673985011373
0.3576599857619141,307,107,149245632.0,51149614.5,0.3452637339305859
0.38759230863487343,308,112,152127054.0,56559861.0,0.37203162537925444
0.42986490228029267,307,127,146019271.5,64403685.0,0.40835260724156963
0.5001560041528392,308,138,154847952.0,70529913.0,0.46242162306161905
0.7652186949280282,308,144,154364674.5,72285813.0,0.5753861399942217
