,auc_drop,spread
EXT_SOURCE_2,0.037435454482233586,0.0014705629195937047
EXT_SOURCE_3,0.0319422769950124,0.0008053951641872715
EXT_SOURCE_1,0.015882436965198938,0.002512511578491604
CREDIT_ANNUITY_RATIO,0.012956863973010916,0.001096738734423356
AMT_GOODS_PRICE,0.009466483405279447,0.0011358160499388354
INST_LATE_SHARE,0.005382581250040615,0.0004195356650570081
CODE_GENDER,0.004121706169984973,0.0004981168924883371
ORGANIZATION_TYPE,0.004033145428030571,0.0006970975848136379
BUREAU_DEBT_TO_CREDIT,0.0028482538184077346,0.00036121466706762114
OWN_CAR_AGE,0.0027077667063133046,0.0007372677839045819
AMT_CREDIT,0.002587372904577593,0.000662216330247603
NAME_EDUCATION_TYPE,0.002559474754658083,0.00035614135840928736
AMT_ANNUITY,0.0024764662066187513,0.000595411009121019
BUREAU_ACTIVE_COUNT,0.0024424815814451106,0.00045965729637064
DAYS_BIRTH,0.0019976995867147704,0.00048566421801995107
PREV_REFUSED_SHARE,0.0019793246406626386,0.0003287621826213318
DAYS_EMPLOYED,0.0019271888899980254,6.62082572235253e-05
NAME_CONTRACT_TYPE,0.0016853832639750117,0.00022056774093360802
DAYS_LAST_PHONE_CHANGE,0.001553502413450018,0.000555336060850243
INST_MAX_DAYS_LATE,0.0011660184823222286,0.0002655176945552088
DAYS_ID_PUBLISH,0.0011427122639112348,6.27076249339572e-05
BUREAU_CREDIT_SUM,0.0011418819618303673,0.0002491976825137249
INST_PAID_TO_DUE,0.0008581713507834765,0.00019916445552467882
OCCUPATION_TYPE,0.0007626071912767799,0.0005955229965320933
REG_CITY_NOT_LIVE_CITY,0.0006896561284438496,6.895255253603014e-05
NAME_FAMILY_STATUS,0.0006760030742260689,0.00035180728625105296
INST_PAID_COUNT,0.000667793913651941,0.00026341647577473275
CREDIT_INCOME_RATIO,0.0006483431849036991,0.0004055090414191858
INST_UNPAID_COUNT,0.0005881932141534504,5.644834094009129e-05
AGE_YEARS,0.0005799768335612946,4.14580807347177e-05
ANNUITY_INCOME_RATIO,0.0005515516223208264,0.00021294812898767454
REGION_RATING_CLIENT_W_CITY,0.0005464976096542692,0.00023628614013098838
PREV_APPROVED_COUNT,0.000520245623860438,0.00023337788924292593
FLAG_DOCUMENT_3,0.0004294466762965928,5.1715181807154145e-05
BUREAU_DEBT_SUM,0.0004018806472094738,0.0002798121806731257
PREV_DAYS_SINCE_LAST,0.00035515269009796696,0.00014866861404383533
EMPLOYED_AGE_SHARE,0.000273256024845292,2.4320407771538094e-05
AMT_REQ_CREDIT_BUREAU_YEAR,0.00022112027418067873,8.198022061055795e-05
PREV_APP_COUNT,0.00020469473301432117,0.00012296384689719
FLAG_OWN_REALTY,0.00020361895031806299,0.00014500545182545452
AMT_REQ_CREDIT_BUREAU_QRT,0.00019178534066022213,4.259960335881286e-05
REGION_POPULATION_RELATIVE,0.00019086117834395586,3.353585634218492e-05
INST_UNDERPAID_SHARE,0.00018324405925373988,4.305958866798177e-05
PREV_REFUSED_COUNT,0.00016499185350926648,1.452873963582324e-05
NONLIVINGAREA_MODE,0.000137461924512694,8.009121976833458e-05
YEARS_BUILD_AVG,0.00012749107952336747,7.71115759304849e-05
NONLIVINGAPARTMENTS_AVG,0.00012509403351594153,0.00010085798669818147
DAYS_REGISTRATION,0.0001236572499148473,0.000163134764352353
FLAG_WORK_PHONE,0.00011189584043791445,0.00018297011082048464
FLAG_PHONE,0.00010923887377893109,0.00010196145393183206
COMMONAREA_MEDI,0.00010536172406187354,5.402729747267139e-05
LIVINGAPARTMENTS_MEDI,0.00010440146165520876,3.923056212138133e-05
FLAG_DOCUMENT_13,9.027910626124847e-05,4.447123360952611e-05
NONLIVINGAREA_AVG,8.75643794574869e-05,7.388617643871167e-05
WALLSMATERIAL_MODE,8.48063325450769e-05,0.00012247794522649068
COMMONAREA_MODE,8.009888074718881e-05,1.0718831180009309e-05
YEARS_BEGINEXPLUATATION_MEDI,6.868403213874015e-05,0.0001975870858077129
AMT_INCOME_TOTAL,6.865515206636956e-05,0.00015977924089413431
FLAG_DOCUMENT_18,4.539225376406127e-05,3.794182228501982e-05
FLAG_DOCUMENT_16,4.345006889638903e-05,0.00021687421009278137
FLOORSMAX_MODE,3.6071210403276766e-05,1.8668314240023442e-05
NONLIVINGAREA_MEDI,3.5515269009874416e-05,4.615008344395939e-05
FLOORSMIN_MEDI,2.9103892941454806e-05,3.1971557572175396e-06
AMT_REQ_CREDIT_BUREAU_MON,2.7219468218708798e-05,2.1681100040252478e-05
NAME_HOUSING_TYPE,2.6468586336703126e-05,0.00018840465550992532
REG_REGION_NOT_LIVE_REGION,2.6439706264406542e-05,7.529040754694712e-05
AMT_REQ_CREDIT_BUREAU_WEEK,2.4858522301570336e-05,1.5194033615917593e-05
NONLIVINGAPARTMENTS_MODE,2.0136630467330423e-05,1.1138651180121963e-05
NAME_INCOME_TYPE,1.9847829743587415e-05,6.624656065532616e-05
BASEMENTAREA_MEDI,1.9587909092103988e-05,4.407490664152621e-05
ENTRANCES_MEDI,1.8042825219888314e-05,1.627125230002672e-05
ELEVATORS_AVG,1.7544643971227163e-05,3.914341982558977e-06
BUREAU_CREDIT_COUNT,1.32920533132778e-05,3.781818737309493e-05
APARTMENTS_AVG,9.81922460940865e-06,7.088592513096331e-05
FLAG_DOCUMENT_14,9.739804410398753e-06,1.0999460017918753e-05
HOUSETYPE_MODE,7.978119995274055e-06,5.7001299820240655e-06
CNT_CHILDREN,6.92399735335858e-06,3.766289757731577e-06
REG_CITY_NOT_WORK_CITY,6.8590171904044555e-06,6.3716976715175185e-06
ENTRANCES_MODE,6.606316557170959e-06,1.0082532307534239e-05
LIVINGAPARTMENTS_AVG,4.649691653405934e-06,1.1447092213801139e-05
REGION_RATING_CLIENT,3.869929699029662e-06,4.619954124201248e-06
AMT_REQ_CREDIT_BUREAU_DAY,0.0,0.0
FLAG_DOCUMENT_7,0.0,0.0
FLAG_DOCUMENT_11,0.0,0.0
FLAG_DOCUMENT_2,0.0,0.0
EMERGENCYSTATE_MODE,0.0,0.0
FONDKAPREMONT_MODE,0.0,0.0
FLAG_DOCUMENT_9,0.0,0.0
FLAG_DOCUMENT_6,0.0,0.0
FLAG_DOCUMENT_21,0.0,0.0
FLAG_DOCUMENT_17,0.0,0.0
FLAG_DOCUMENT_10,0.0,0.0
FLAG_DOCUMENT_12,0.0,0.0
FLAG_DOCUMENT_4,0.0,0.0
LIVE_REGION_NOT_WORK_REGION,0.0,0.0
YEARS_BUILD_MEDI,0.0,0.0
AMT_REQ_CREDIT_BUREAU_HOUR,0.0,0.0
DAYS_EMPLOYED_ANOMALY,0.0,0.0
FLAG_DOCUMENT_19,0.0,0.0
FLAG_EMAIL,0.0,0.0
FLAG_CONT_MOBILE,0.0,0.0
FLAG_DOCUMENT_20,0.0,0.0
FLAG_MOBIL,0.0,0.0
FLAG_EMP_PHONE,0.0,0.0
ELEVATORS_MEDI,0.0,0.0
FLOORSMAX_AVG,-7.292218274779216e-07,1.2713281274909895e-05
COMMONAREA_AVG,-1.57396394462328e-06,0.00010392485669381142
YEARS_BUILD_MODE,-1.9349648493482974e-06,1.614473217037567e-05
LIVINGAPARTMENTS_MODE,-4.541391381729376e-06,2.9199983012994822e-05
FLAG_DOCUMENT_15,-4.7579919245643865e-06,1.2045461529987006e-05
BUREAU_OVERDUE_COUNT,-4.815752069305586e-06,2.71039690851909e-05
FLOORSMIN_AVG,-6.0070550550091655e-06,2.068616707101169e-05
REG_REGION_NOT_WORK_REGION,-1.0006945079688023e-05,1.5373461630034918e-05
NAME_TYPE_SUITE,-1.2411211105363881e-05,5.7983640325630115e-05
TOTALAREA_MODE,-1.4541116443352505e-05,9.747748702990245e-05
ENTRANCES_AVG,-1.4952657474827843e-05,3.122733030260976e-05
BASEMENTAREA_AVG,-1.5811839628214013e-05,2.1595157402400984e-05
LIVE_CITY_NOT_WORK_CITY,-1.5927359917659405e-05,6.574229888187591e-06
ELEVATORS_MODE,-1.9443508729991937e-05,1.6422648143935806e-05
BASEMENTAREA_MODE,-2.4743002011791877e-05,2.4218900416136367e-05
FLOORSMIN_MODE,-2.49740425908677e-05,5.78743788346929e-06
YEARS_BEGINEXPLUATATION_MODE,-3.223738079457158e-05,7.38914507671261e-05
FLAG_DOCUMENT_5,-3.312544302018031e-05,5.7121187646925346e-05
NONLIVINGAPARTMENTS_MEDI,-3.709645297248857e-05,3.384231434708539e-05
FLAG_DOCUMENT_8,-3.7363593642036896e-05,7.471773997357285e-05
BUREAU_MAX_DAYS_OVERDUE,-4.118298321435324e-05,1.3602173013782062e-05
BUREAU_HISTORY_DAYS,-4.2720847068615044e-05,0.00010447734063743767
LIVINGAREA_MODE,-4.334898864285138e-05,1.8149155243947335e-05
LANDAREA_AVG,-4.889396253996795e-05,1.914928746323906e-05
HOUR_APPR_PROCESS_START,-5.6012900381744814e-05,8.38067163738793e-05
INCOME_PER_FAMILY_MEMBER,-7.373804480514945e-05,9.011370907062907e-05
FLAG_OWN_CAR,-7.439506645179339e-05,0.00010944289285988511
FLOORSMAX_MEDI,-7.538420893079174e-05,2.0140033088941462e-05
LIVINGAREA_AVG,-8.018552096404156e-05,0.00014422826696835328
LANDAREA_MEDI,-8.587489522301113e-05,3.081556333256398e-05
YEARS_BEGINEXPLUATATION_AVG,-8.618535600109685e-05,7.051412625283696e-05
APARTMENTS_MEDI,-8.646693670677497e-05,8.295630751501825e-05
APARTMENTS_MODE,-8.776653996389605e-05,8.261650128084635e-05
LANDAREA_MODE,-9.725364374083927e-05,4.303404191787038e-05
LIVINGAREA_MEDI,-0.0001008708728065244,1.7797404649132662e-05
CNT_FAM_MEMBERS,-0.00010928941390538534,4.332539811419677e-05
WEEKDAY_APPR_PROCESS_START,-0.00012946936448117916,0.0001445714396081181
