decile,predicted,actual,applicants
1,0.011137261498179405,0.010892537798731913,6151
2,0.019345136823545665,0.0175609756097561,6150
3,0.026575111681879305,0.023902439024390244,6150
4,0.034738662424471864,0.03235772357723577,6150
5,0.04463021319283465,0.045365853658536584,6150
6,0.05738728208956077,0.05934959349593496,6150
7,0.07487739826474685,0.07512195121951219,6150
8,0.10189444182550732,0.11170731707317073,6150
9,0.14946047296867288,0.15040650406504066,6150
10,0.2908908151312653,0.28060477971061615,6151
