segment,n,actual,predicted,auc,gap
"AGE_BAND=[20, 30)",8972,0.11301827909050378,0.11900079814765464,0.7539440296269418,0.005982519057150859
"AGE_BAND=[30, 40)",16485,0.09772520473157416,0.09332243179025833,0.7705629418295139,-0.00440277294131583
"AGE_BAND=[40, 50)",15487,0.07535352230903339,0.07683983498053311,0.7645958696557567,0.0014863126714997205
"AGE_BAND=[50, 60)",13606,0.061516977803910036,0.06267279214250444,0.762718437808563,0.0011558143385944075
"AGE_BAND=[60, 70)",6952,0.04833141542002301,0.04872315011336528,0.7275481156791616,0.00039173469334227023
CODE_GENDER=F,40529,0.07019664931283773,0.07128128575444605,0.7679200581880699,0.0010846364416083193
CODE_GENDER=M,20972,0.10108716383749762,0.10006167012966559,0.7632875396834928,-0.0010254937078320314
NAME_CONTRACT_TYPE=Cash loans,55650,0.08337825696316262,0.08361770785368146,0.7697224977861,0.00023945089051884139
NAME_CONTRACT_TYPE=Revolving loans,5852,0.05553656869446343,0.05711515393170529,0.7649847601285995,0.0015785852372418585
NAME_INCOME_TYPE=Commercial associate,14349,0.0759634817757335,0.07735108104496159,0.762673648710829,0.0013875992692280875
NAME_INCOME_TYPE=Pensioner,11018,0.05218732982392449,0.054912577122697696,0.7517085295329928,0.0027252472987732076
NAME_INCOME_TYPE=State servant,4360,0.0621559633027523,0.05972901152918907,0.769532875079301,-0.002426951773563224
NAME_INCOME_TYPE=Working,31761,0.0952740782720947,0.09480135714542241,0.766926829032671,-0.00047272112667229305
NAME_EDUCATION_TYPE=Higher education,14888,0.05427189682966147,0.05411483023289045,0.7795337639232673,-0.00015706659677101886
NAME_EDUCATION_TYPE=Incomplete higher,2065,0.07070217917675545,0.08774233164253058,0.7727626403592053,0.01704015246577513
NAME_EDUCATION_TYPE=Lower secondary,757,0.11096433289299867,0.10866594393288455,0.696755819712729,-0.0022983889601141255
NAME_EDUCATION_TYPE=Secondary / secondary special,43758,0.08974358974358974,0.08948563464124112,0.7634722516229235,-0.00025795510234861985
NAME_FAMILY_STATUS=Civil marriage,6054,0.10158572844400396,0.1011243628486727,0.7768653671092695,-0.00046136559533126176
NAME_FAMILY_STATUS=Married,39133,0.0760994557023484,0.07606118534435052,0.7709308264292638,-3.827035799787437e-05
NAME_FAMILY_STATUS=Separated,3982,0.08061275740833752,0.08013022991637737,0.7373272712884228,-0.00048252749196014966
NAME_FAMILY_STATUS=Single / not married,9061,0.09524335062355148,0.0975486062351284,0.769988977895578,0.00230525561157692
NAME_FAMILY_STATUS=Widow,3272,0.05745721271393643,0.059867838470619154,0.7514574192124072,0.002410625756682723
